{
  "engine": "hybrid",
  "suites": {
    "per_role": {
      "per_role": {
        "ai_search": {
          "ndcg@10": 0.9448191871522936,
          "ndcg@50": 0.9722986288208327,
          "map": 0.9721626103715656,
          "p@5": 1.0,
          "p@10": 1.0,
          "honeypot_rate@10": 0.0,
          "honeypot_rate@100": 0.4444444444444444,
          "composite": 0.9599235737781315
        },
        "sales": {
          "ndcg@10": 0.9733323042090073,
          "ndcg@50": 0.9761199410995514,
          "map": 0.8990248335774597,
          "p@5": 1.0,
          "p@10": 1.0,
          "honeypot_rate@10": 0.0,
          "honeypot_rate@100": 0.4444444444444444,
          "composite": 0.9643558594709881
        },
        "data_analytics": {
          "ndcg@10": 0.9733323042090073,
          "ndcg@50": 0.9473308881791684,
          "map": 0.8911695998019463,
          "p@5": 1.0,
          "p@10": 1.0,
          "honeypot_rate@10": 0.0,
          "honeypot_rate@100": 0.4444444444444444,
          "composite": 0.9545408585285462
        },
        "backend": {
          "ndcg@10": 0.9733323042090073,
          "ndcg@50": 0.8721951287341382,
          "map": 0.8138990033120168,
          "p@5": 1.0,
          "p@10": 1.0,
          "honeypot_rate@10": 0.0,
          "honeypot_rate@100": 0.4444444444444444,
          "composite": 0.9204095412215477
        },
        "product": {
          "ndcg@10": 0.9733323042090073,
          "ndcg@50": 0.947593170922096,
          "map": 0.848057491500354,
          "p@5": 1.0,
          "p@10": 1.0,
          "honeypot_rate@10": 0.0,
          "honeypot_rate@100": 0.4444444444444444,
          "composite": 0.9481527271061856
        },
        "design": {
          "ndcg@10": 1.0,
          "ndcg@50": 0.9863965458138537,
          "map": 0.8695796906998698,
          "p@5": 1.0,
          "p@10": 1.0,
          "honeypot_rate@10": 0.0,
          "honeypot_rate@100": 0.4444444444444444,
          "composite": 0.9763559173491367
        }
      },
      "mean_composite": 0.954
    },
    "honeypot": {
      "honeypot_rate@10": 0.0,
      "honeypot_rate@100": 0.78125,
      "ndcg@10": 1.0
    },
    "paraphrase": {
      "ndcg@10": 1.0,
      "paraphrase_ideal_mean_rank": 5.5,
      "paraphrase_ideal_in_top10": 10,
      "total_paraphrase_ideals": 10
    },
    "perturbation": {
      "strong_rank": 1,
      "paraphrase_rank": 2,
      "contradicted_rank": 43,
      "contradicted_below_strong": true
    },
    "generality": {
      "mean_top10_jaccard_overlap": 0.065,
      "max_top10_jaccard_overlap": 0.429
    },
    "schema": {
      "ran_without_error": true,
      "ndcg@10": 0.9733323042090073,
      "composite": 0.9627409006046851
    }
  }
}