{
  "engine": "hybrid",
  "suites": {
    "per_role": {
      "per_role": {
        "ai_search": {
          "ndcg@10": 0.9655752572205092,
          "ndcg@50": 0.987061104394654,
          "map": 1.0,
          "p@5": 1.0,
          "p@10": 1.0,
          "honeypot_rate@10": 0.0,
          "honeypot_rate@100": 0.4444444444444444,
          "composite": 0.9789059599286508
        },
        "sales": {
          "ndcg@10": 0.9448191871522936,
          "ndcg@50": 0.959627803018868,
          "map": 0.918313514947691,
          "p@5": 1.0,
          "p@10": 1.0,
          "honeypot_rate@10": 0.0,
          "honeypot_rate@100": 0.4444444444444444,
          "composite": 0.948044961723961
        },
        "data_analytics": {
          "ndcg@10": 0.9709461503621435,
          "ndcg@50": 0.9889508085742058,
          "map": 0.9978136200716846,
          "p@5": 1.0,
          "p@10": 1.0,
          "honeypot_rate@10": 0.0,
          "honeypot_rate@100": 0.4444444444444444,
          "composite": 0.9818303607640863
        },
        "backend": {
          "ndcg@10": 0.9733323042090073,
          "ndcg@50": 0.9804164708587984,
          "map": 1.0,
          "p@5": 1.0,
          "p@10": 1.0,
          "honeypot_rate@10": 0.0,
          "honeypot_rate@100": 0.4444444444444444,
          "composite": 0.9807910933621432
        },
        "product": {
          "ndcg@10": 0.9733323042090073,
          "ndcg@50": 0.9869882847945212,
          "map": 0.9449879384377865,
          "p@5": 1.0,
          "p@10": 1.0,
          "honeypot_rate@10": 0.0,
          "honeypot_rate@100": 0.4444444444444444,
          "composite": 0.974510828308528
        },
        "design": {
          "ndcg@10": 0.9733323042090073,
          "ndcg@50": 0.988875548019625,
          "map": 0.9280614621363102,
          "p@5": 1.0,
          "p@10": 1.0,
          "honeypot_rate@10": 0.0,
          "honeypot_rate@100": 0.4444444444444444,
          "composite": 0.9725380358308376
        }
      },
      "mean_composite": 0.9728
    },
    "honeypot": {
      "honeypot_rate@10": 0.0,
      "honeypot_rate@100": 0.78125,
      "ndcg@10": 1.0
    },
    "paraphrase": {
      "ndcg@10": 1.0,
      "paraphrase_ideal_mean_rank": 5.5,
      "paraphrase_ideal_in_top10": 10,
      "total_paraphrase_ideals": 10
    },
    "perturbation": {
      "strong_rank": 1,
      "paraphrase_rank": 2,
      "contradicted_rank": 43,
      "contradicted_below_strong": true
    },
    "generality": {
      "mean_top10_jaccard_overlap": 0.056,
      "max_top10_jaccard_overlap": 0.429
    },
    "schema": {
      "ran_without_error": true,
      "ndcg@10": 0.9733323042090073,
      "composite": 0.9838157159959154
    }
  }
}